﻿<parameters>
  <parameter name="IIS Web Application Name" defaultValue="%SiteName%" tags="IisApp">
    <parameterEntry kind="ProviderPath" scope="IisApp" match="^D:\\a\\1\\s\\ConfigMgr\ Portal\ UI\\obj\\CM2012\\Package\\PackageTmp$" />
    <parameterEntry kind="ProviderPath" scope="setAcl" match="^D:\\a\\1\\s\\ConfigMgr\ Portal\ UI\\obj\\CM2012\\Package\\PackageTmp$" />
  </parameter>
  <parameter name="Add write permission to App_Data Folder" description="Add write permission to App_Data folder" defaultValue="{IIS Web Application Name}/App_Data" tags="Hidden">
    <parameterEntry kind="ProviderPath" scope="setAcl" match="^D:\\a\\1\\s\\ConfigMgr\ Portal\ UI\\obj\\CM2012\\Package\\PackageTmp\\App_Data$" />
  </parameter>
  <parameter name="ConfigurationManagerDatabase-Web.config Connection String" description="ConfigurationManagerDatabase Connection String used in web.config by the application to access the database." defaultValue="Data Source=configmgr;Initial Catalog=ConfigMgrPortal;Trusted_Connection=True;" tags="SqlConnectionString">
    <parameterEntry kind="XmlFile" scope="D:\\a\\1\\s\\ConfigMgr\ Portal\ UI\\obj\\CM2012\\Package\\PackageTmp\\Web\.config$" match="/configuration/connectionStrings/add[@name='ConfigurationManagerDatabase']/@connectionString" />
  </parameter>
</parameters>